"Order","Family","sci_name","common_name","ebird_data","is_resident","why"
"ACCIPITRIFORMES"," Accipitridae","Astur atricapillus","American Goshawk","yes",FALSE,""
"ACCIPITRIFORMES"," Accipitridae","Haliaeetus leucocephalus","Bald Eagle","yes",FALSE,""
"ACCIPITRIFORMES"," Accipitridae","Buteo platypterus","Broad-winged Hawk","yes",FALSE,"uncommon breeder and migrant"
"ACCIPITRIFORMES"," Accipitridae","Astur cooperii","Cooper's Hawk","yes",FALSE,""
"ACCIPITRIFORMES"," Accipitridae","Aquila chrysaetos","Golden Eagle","yes",FALSE,""
"ACCIPITRIFORMES"," Accipitridae","Circus hudsonius","Northern Harrier","yes",FALSE,""
"ACCIPITRIFORMES"," Pandionidae","Pandion haliaetus","Osprey","yes",FALSE,""
"ACCIPITRIFORMES"," Accipitridae","Buteo jamaicensis","Red-tailed Hawk","yes",FALSE,""
"ACCIPITRIFORMES"," Accipitridae","Buteo lagopus","Rough-legged Hawk","yes",FALSE,""
"ACCIPITRIFORMES"," Accipitridae","Accipiter striatus","Sharp-shinned Hawk","yes",FALSE,""
"ACCIPITRIFORMES"," Accipitridae","Buteo swainsoni","Swainson's Hawk","yes",FALSE,""
"ANSERIFORMES"," Anatidae","Mareca americana","American Wigeon","yes",FALSE,""
"ANSERIFORMES"," Anatidae","Bucephala islandica","Barrow's Goldeneye","yes",FALSE,""
"ANSERIFORMES"," Anatidae","Melanitta americana","Black Scoter","yes",FALSE,""
"ANSERIFORMES"," Anatidae","Spatula discors","Blue-winged Teal","yes",FALSE,""
"ANSERIFORMES"," Anatidae","Branta bernicla","Brant","yes",FALSE,""
"ANSERIFORMES"," Anatidae","Bucephala albeola","Bufflehead","yes",FALSE,""
"ANSERIFORMES"," Anatidae","Branta hutchinsii","Cackling Goose","yes",FALSE,"possible breeder, regular migrant and non-breeding "
"ANSERIFORMES"," Anatidae","Branta canadensis","Canada Goose","yes",FALSE,""
"ANSERIFORMES"," Anatidae","Aythya valisineria","Canvasback","yes",FALSE,""
"ANSERIFORMES"," Anatidae","Spatula cyanoptera","Cinnamon Teal","yes",FALSE,""
"ANSERIFORMES"," Anatidae","Bucephala clangula","Common Goldeneye","yes",FALSE,""
"ANSERIFORMES"," Anatidae","Mergus merganser","Common Merganser","yes",FALSE,""
"ANSERIFORMES"," Anatidae","Mareca penelope","Eurasian Wigeon","yes",FALSE,""
"ANSERIFORMES"," Anatidae","Mareca strepera","Gadwall","yes",FALSE,""
"ANSERIFORMES"," Anatidae","Aythya marila","Greater Scaup","yes",FALSE,"regular wintering"
"ANSERIFORMES"," Anatidae","Anser albifrons","Greater White-fronted Goose","yes",FALSE,""
"ANSERIFORMES"," Anatidae","Anas crecca","Green-winged Teal","yes",FALSE,""
"ANSERIFORMES"," Anatidae","Histrionicus histrionicus","Harlequin Duck","yes",FALSE,""
"ANSERIFORMES"," Anatidae","Lophodytes cucullatus","Hooded Merganser","yes",FALSE,""
"ANSERIFORMES"," Anatidae","Aythya affinis","Lesser Scaup","yes",FALSE,""
"ANSERIFORMES"," Anatidae","Clangula hyemalis","Long-tailed Duck","yes",FALSE,""
"ANSERIFORMES"," Anatidae","Anas platyrhynchos","Mallard","yes",FALSE,""
"ANSERIFORMES"," Anatidae","Anas acuta","Northern Pintail","yes",FALSE,""
"ANSERIFORMES"," Anatidae","Spatula clypeata","Northern Shoveler","yes",FALSE,""
"ANSERIFORMES"," Anatidae","Mergus serrator","Red-breasted Merganser","yes",FALSE,""
"ANSERIFORMES"," Anatidae","Aythya americana","Redhead","yes",FALSE,""
"ANSERIFORMES"," Anatidae","Aythya collaris","Ring-necked Duck","yes",FALSE,""
"ANSERIFORMES"," Anatidae","Anser rossii","Ross's Goose","yes",FALSE,""
"ANSERIFORMES"," Anatidae","Oxyura jamaicensis","Ruddy Duck","yes",FALSE,""
"ANSERIFORMES"," Anatidae","Anser caerulescens","Snow Goose","yes",FALSE,""
"ANSERIFORMES"," Anatidae","Melanitta perspicillata","Surf Scoter","yes",FALSE,""
"ANSERIFORMES"," Anatidae","Cygnus buccinator","Trumpeter Swan","yes",FALSE,""
"ANSERIFORMES"," Anatidae","Cygnus columbianus","Tundra Swan","yes",FALSE,""
"ANSERIFORMES"," Anatidae","Melanitta deglandi","White-winged Scoter","yes",FALSE,""
"ANSERIFORMES"," Anatidae","Aix sponsa","Wood Duck","yes",FALSE,""
"APODIFORMES"," Trochilidae","Calypte anna","Anna's Hummingbird","yes",FALSE,""
"APODIFORMES"," Apodidae","Cypseloides niger","Black Swift","yes",FALSE,""
"APODIFORMES"," Trochilidae","Archilochus alexandri","Black-chinned Hummingbird","yes",FALSE,""
"APODIFORMES"," Trochilidae","Selasphorus calliope","Calliope Hummingbird","yes",FALSE,""
"APODIFORMES"," Trochilidae","Archilochus colubris","Ruby-throated Hummingbird","yes",FALSE,"uncommon but regular in Peace regions"
"APODIFORMES"," Trochilidae","Selasphorus rufus","Rufous Hummingbird","yes",FALSE,""
"APODIFORMES"," Apodidae","Chaetura vauxi","Vaux's Swift","yes",FALSE,""
"APODIFORMES"," Apodidae","Aeronautes saxatalis","White-throated Swift","yes",FALSE,""
"CAPRIMULGIFORMES"," Caprimulgidae","Chordeiles minor","Common Nighthawk","yes",FALSE,""
"CAPRIMULGIFORMES"," Caprimulgidae","Phalaenoptilus nuttallii","Common Poorwill","yes",FALSE,""
"CATHARTIFORMES"," Cathartidae","Cathartes aura","Turkey Vulture","yes",FALSE,""
"CHARADRIIFORMES"," Recurvirostridae","Recurvirostra americana","American Avocet","yes",FALSE,""
"CHARADRIIFORMES"," Charadriidae","Pluvialis dominica","American Golden-Plover","yes",FALSE,""
"CHARADRIIFORMES"," Laridae","Larus smithsonianus","American Herring Gull","yes",FALSE,""
"CHARADRIIFORMES"," Alcidae","Synthliboramphus antiquus","Ancient Murrelet","yes",FALSE,""
"CHARADRIIFORMES"," Laridae","Sterna paradisaea","Arctic Tern","yes",FALSE,""
"CHARADRIIFORMES"," Scolopacidae","Calidris bairdii","Baird's Sandpiper","yes",FALSE,""
"CHARADRIIFORMES"," Scolopacidae","Limosa lapponica","Bar-tailed Godwit","yes",FALSE,"regular but uncommon migrant"
"CHARADRIIFORMES"," Haematopodidae","Haematopus bachmani","Black Oystercatcher","yes",TRUE,""
"CHARADRIIFORMES"," Laridae","Chlidonias niger","Black Tern","yes",FALSE,""
"CHARADRIIFORMES"," Scolopacidae","Arenaria melanocephala","Black Turnstone","yes",FALSE,""
"CHARADRIIFORMES"," Charadriidae","Pluvialis squatarola","Black-bellied Plover","yes",FALSE,""
"CHARADRIIFORMES"," Laridae","Rissa tridactyla","Black-legged Kittiwake","yes",FALSE,""
"CHARADRIIFORMES"," Recurvirostridae","Himantopus mexicanus","Black-necked Stilt","yes",FALSE,"uncommon breeder in interior, with increasing records"
"CHARADRIIFORMES"," Laridae","Chroicocephalus philadelphia","Bonaparte's Gull","yes",FALSE,""
"CHARADRIIFORMES"," Scolopacidae","Calidris subruficollis","Buff-breasted Sandpiper","yes",FALSE,""
"CHARADRIIFORMES"," Laridae","Larus californicus","California Gull","yes",FALSE,""
"CHARADRIIFORMES"," Laridae","Hydroprogne caspia","Caspian Tern","yes",FALSE,""
"CHARADRIIFORMES"," Alcidae","Ptychoramphus aleuticus","Cassin's Auklet","yes",FALSE,""
"CHARADRIIFORMES"," Alcidae","Uria aalge","Common Murre","yes",FALSE,""
"CHARADRIIFORMES"," Laridae","Sterna hirundo","Common Tern","yes",FALSE,""
"CHARADRIIFORMES"," Scolopacidae","Calidris ferruginea","Curlew Sandpiper","yes",FALSE,"regular but uncommon migrant"
"CHARADRIIFORMES"," Scolopacidae","Calidris alpina","Dunlin","yes",FALSE,""
"CHARADRIIFORMES"," Laridae","Sterna forsteri","Forster's Tern","yes",FALSE,""
"CHARADRIIFORMES"," Laridae","Leucophaeus pipixcan","Franklin's Gull","yes",FALSE,""
"CHARADRIIFORMES"," Laridae","Larus hyperboreus","Glaucous Gull","yes",FALSE,""
"CHARADRIIFORMES"," Laridae","Larus glaucescens","Glaucous-winged Gull","yes",FALSE,""
"CHARADRIIFORMES"," Scolopacidae","Tringa melanoleuca","Greater Yellowlegs","yes",FALSE,""
"CHARADRIIFORMES"," Laridae","Larus heermanni","Heermann's Gull","yes",FALSE,""
"CHARADRIIFORMES"," Alcidae","Fratercula corniculata","Horned Puffin","yes",FALSE,""
"CHARADRIIFORMES"," Scolopacidae","Limosa haemastica","Hudsonian Godwit","yes",FALSE,""
"CHARADRIIFORMES"," Laridae","Larus glaucoides","Iceland Gull","yes",FALSE,""
"CHARADRIIFORMES"," Charadriidae","Charadrius vociferus","Killdeer","yes",FALSE,""
"CHARADRIIFORMES"," Scolopacidae","Calidris minutilla","Least Sandpiper","yes",FALSE,""
"CHARADRIIFORMES"," Scolopacidae","Tringa flavipes","Lesser Yellowlegs","yes",FALSE,""
"CHARADRIIFORMES"," Scolopacidae","Calidris minuta","Little Stint","yes",FALSE,"regular but uncommon migrant"
"CHARADRIIFORMES"," Scolopacidae","Numenius americanus","Long-billed Curlew","yes",FALSE,""
"CHARADRIIFORMES"," Scolopacidae","Limnodromus scolopaceus","Long-billed Dowitcher","yes",FALSE,""
"CHARADRIIFORMES"," Stercorariidae","Stercorarius longicaudus","Long-tailed Jaeger","yes",FALSE,""
"CHARADRIIFORMES"," Scolopacidae","Limosa fedoa","Marbled Godwit","yes",FALSE,""
"CHARADRIIFORMES"," Alcidae","Brachyramphus marmoratus","Marbled Murrelet","yes",TRUE,""
"CHARADRIIFORMES"," Charadriidae","Pluvialis fulva","Pacific Golden-Plover","yes",FALSE,""
"CHARADRIIFORMES"," Alcidae","Aethia psittacula","Parakeet Auklet","yes",FALSE,"regular wintering, but poorly understood"
"CHARADRIIFORMES"," Scolopacidae","Calidris melanotos","Pectoral Sandpiper","yes",FALSE,""
"CHARADRIIFORMES"," Alcidae","Cepphus columba","Pigeon Guillemot","yes",FALSE,""
"CHARADRIIFORMES"," Stercorariidae","Stercorarius pomarinus","Pomarine Jaeger","yes",FALSE,""
"CHARADRIIFORMES"," Scolopacidae","Calidris canutus","Red Knot","yes",FALSE,""
"CHARADRIIFORMES"," Scolopacidae","Phalaropus fulicarius","Red Phalarope","yes",FALSE,""
"CHARADRIIFORMES"," Scolopacidae","Phalaropus lobatus","Red-necked Phalarope","yes",FALSE,""
"CHARADRIIFORMES"," Scolopacidae","Calidris ruficollis","Red-necked Stint","yes",FALSE,"regular but uncommon migrant"
"CHARADRIIFORMES"," Alcidae","Cerorhinca monocerata","Rhinoceros Auklet","yes",FALSE,""
"CHARADRIIFORMES"," Laridae","Larus delawarensis","Ring-billed Gull","yes",FALSE,""
"CHARADRIIFORMES"," Scolopacidae","Calidris ptilocnemis","Rock Sandpiper","yes",FALSE,""
"CHARADRIIFORMES"," Scolopacidae","Arenaria interpres","Ruddy Turnstone","yes",FALSE,""
"CHARADRIIFORMES"," Scolopacidae","Calidris pugnax","Ruff","yes",FALSE,"regular but uncommon migrant"
"CHARADRIIFORMES"," Laridae","Xema sabini","Sabine's Gull","yes",FALSE,""
"CHARADRIIFORMES"," Scolopacidae","Calidris alba","Sanderling","yes",FALSE,""
"CHARADRIIFORMES"," Charadriidae","Charadrius semipalmatus","Semipalmated Plover","yes",FALSE,""
"CHARADRIIFORMES"," Scolopacidae","Calidris pusilla","Semipalmated Sandpiper","yes",FALSE,""
"CHARADRIIFORMES"," Scolopacidae","Calidris acuminata","Sharp-tailed Sandpiper","yes",FALSE,""
"CHARADRIIFORMES"," Scolopacidae","Limnodromus griseus","Short-billed Dowitcher","yes",FALSE,""
"CHARADRIIFORMES"," Laridae","Larus brachyrhynchus","Short-billed Gull","yes",FALSE,""
"CHARADRIIFORMES"," Scolopacidae","Tringa solitaria","Solitary Sandpiper","yes",FALSE,""
"CHARADRIIFORMES"," Stercorariidae","Stercorarius maccormicki","South Polar Skua","yes",FALSE,""
"CHARADRIIFORMES"," Scolopacidae","Actitis macularius","Spotted Sandpiper","yes",FALSE,""
"CHARADRIIFORMES"," Scolopacidae","Calidris himantopus","Stilt Sandpiper","yes",FALSE,""
"CHARADRIIFORMES"," Scolopacidae","Calidris virgata","Surfbird","yes",FALSE,""
"CHARADRIIFORMES"," Alcidae","Uria lomvia","Thick-billed Murre","yes",FALSE,"uncommon breeder"
"CHARADRIIFORMES"," Alcidae","Fratercula cirrhata","Tufted Puffin","yes",FALSE,""
"CHARADRIIFORMES"," Scolopacidae","Bartramia longicauda","Upland Sandpiper","yes",FALSE,""
"CHARADRIIFORMES"," Scolopacidae","Tringa incana","Wandering Tattler","yes",FALSE,""
"CHARADRIIFORMES"," Laridae","Larus occidentalis","Western Gull","yes",FALSE,""
"CHARADRIIFORMES"," Scolopacidae","Calidris mauri","Western Sandpiper","yes",FALSE,""
"CHARADRIIFORMES"," Scolopacidae","Numenius phaeopus","Hudsonian Whimbrel","no",NA,"regular migrant, and increasingly wintering"
"CHARADRIIFORMES"," Scolopacidae","Calidris fuscicollis","White-rumped Sandpiper","yes",FALSE,"regular migrant in some parts of BC"
"CHARADRIIFORMES"," Scolopacidae","Tringa semipalmata","Willet","yes",FALSE,"regular migrant, occaisonal overwintering"
"CHARADRIIFORMES"," Scolopacidae","Phalaropus tricolor","Wilson's Phalarope","yes",FALSE,""
"CHARADRIIFORMES"," Scolopacidae","Gallinago delicata","Wilson's Snipe","yes",FALSE,""
"COLUMBIFORMES"," Columbidae","Patagioenas fasciata","Band-tailed Pigeon","yes",FALSE,""
"COLUMBIFORMES"," Columbidae","Zenaida macroura","Mourning Dove","yes",FALSE,""
"CORACIIFORMES"," Alcedinidae","Megaceryle alcyon","Belted Kingfisher","yes",FALSE,""
"FALCONIFORMES"," Falconidae","Falco sparverius","American Kestrel","yes",FALSE,""
"FALCONIFORMES"," Falconidae","Falco rusticolus","Gyrfalcon","no",NA,""
"FALCONIFORMES"," Falconidae","Falco columbarius","Merlin","yes",FALSE,""
"FALCONIFORMES"," Falconidae","Falco peregrinus","Peregrine Falcon","yes",FALSE,""
"FALCONIFORMES"," Falconidae","Falco mexicanus","Prairie Falcon","yes",FALSE,""
"GALLIFORMES","Phasianidae","Dendragapus obscurus","Dusky Grouse","yes",TRUE,""
"GALLIFORMES","Phasianidae","Lagopus muta","Rock Ptarmigan","yes",TRUE,""
"GALLIFORMES","Phasianidae","Bonasa umbellus","Ruffed Grouse","yes",TRUE,""
"GALLIFORMES","Phasianidae","Tympanuchus phasianellus","Sharp-tailed Grouse","yes",TRUE,""
"GALLIFORMES","Phasianidae","Dendragapus fuliginosus","Sooty Grouse","yes",TRUE,""
"GALLIFORMES","Phasianidae","Canachites canadensis","Spruce Grouse","yes",TRUE,""
"GALLIFORMES","Phasianidae","Lagopus leucura","White-tailed Ptarmigan","yes",TRUE,""
"GALLIFORMES","Phasianidae","Lagopus lagopus","Willow Ptarmigan","yes",FALSE,""
"GAVIIFORMES"," Gaviidae","Gavia immer","Common Loon","yes",FALSE,""
"GAVIIFORMES"," Gaviidae","Gavia pacifica","Pacific Loon","yes",FALSE,""
"GAVIIFORMES"," Gaviidae","Gavia stellata","Red-throated Loon","yes",FALSE,""
"GAVIIFORMES"," Gaviidae","Gavia adamsii","Yellow-billed Loon","yes",FALSE,""
"GRUIFORMES"," Rallidae","Fulica americana","American Coot","yes",FALSE,""
"GRUIFORMES"," Gruidae","Antigone canadensis","Sandhill Crane","yes",FALSE,""
"GRUIFORMES"," Rallidae","Porzana carolina","Sora","yes",FALSE,""
"GRUIFORMES"," Rallidae","Rallus limicola","Virginia Rail","yes",FALSE,""
"GRUIFORMES"," Rallidae","Coturnicops noveboracensis","Yellow Rail","yes",FALSE,""
"PASSERIFORMES"," Tyrannidae","Empidonax alnorum","Alder Flycatcher","yes",FALSE,""
"PASSERIFORMES"," Corvidae","Corvus brachyrhynchos","American Crow","yes",FALSE,""
"PASSERIFORMES"," Cinclidae","Cinclus mexicanus","American Dipper","yes",TRUE,""
"PASSERIFORMES"," Fringillidae","Spinus tristis","American Goldfinch","yes",FALSE,""
"PASSERIFORMES"," Motacillidae","Anthus rubescens","American Pipit","yes",FALSE,""
"PASSERIFORMES"," Parulidae","Setophaga ruticilla","American Redstart","yes",FALSE,""
"PASSERIFORMES"," Turdidae","Turdus migratorius","American Robin","yes",FALSE,""
"PASSERIFORMES"," Passerellidae","Spizelloides arborea","American Tree Sparrow","yes",FALSE,""
"PASSERIFORMES"," Icteridae","Icterus galbula","Baltimore Oriole","yes",FALSE,""
"PASSERIFORMES"," Hirundinidae","Riparia riparia","Bank Swallow","yes",FALSE,""
"PASSERIFORMES"," Hirundinidae","Hirundo rustica","Barn Swallow","yes",FALSE,""
"PASSERIFORMES"," Parulidae","Setophaga castanea","Bay-breasted Warbler","yes",FALSE,""
"PASSERIFORMES"," Troglodytidae","Thryomanes bewickii","Bewick's Wren","yes",FALSE,""
"PASSERIFORMES"," Parulidae","Mniotilta varia","Black-and-white Warbler","yes",FALSE,""
"PASSERIFORMES"," Corvidae","Pica hudsonia","Black-billed Magpie","yes",TRUE,""
"PASSERIFORMES"," Paridae","Poecile atricapillus","Black-capped Chickadee","yes",TRUE,""
"PASSERIFORMES"," Cardinalidae","Pheucticus melanocephalus","Black-headed Grosbeak","yes",FALSE,""
"PASSERIFORMES"," Parulidae","Setophaga striata","Blackpoll Warbler","yes",FALSE,""
"PASSERIFORMES"," Parulidae","Setophaga nigrescens","Black-throated Gray Warbler","yes",FALSE,""
"PASSERIFORMES"," Parulidae","Setophaga virens","Black-throated Green Warbler","yes",FALSE,""
"PASSERIFORMES"," Corvidae","Cyanocitta cristata","Blue Jay","yes",FALSE,""
"PASSERIFORMES"," Vireonidae","Vireo solitarius","Blue-headed Vireo","yes",FALSE,"regular breeder in the Peace region of northeastern BC"
"PASSERIFORMES"," Icteridae","Dolichonyx oryzivorus","Bobolink","yes",FALSE,""
"PASSERIFORMES"," Bombycillidae","Bombycilla garrulus","Bohemian Waxwing","yes",FALSE,""
"PASSERIFORMES"," Paridae","Poecile hudsonicus","Boreal Chickadee","yes",TRUE,""
"PASSERIFORMES"," Icteridae","Euphagus cyanocephalus","Brewer's Blackbird","yes",FALSE,""
"PASSERIFORMES"," Passerellidae","Spizella breweri","Brewer's Sparrow","yes",FALSE,""
"PASSERIFORMES"," Certhiidae","Certhia americana","Brown Creeper","yes",FALSE,""
"PASSERIFORMES"," Icteridae","Molothrus ater","Brown-headed Cowbird","yes",FALSE,""
"PASSERIFORMES"," Icteridae","Icterus bullockii","Bullock's Oriole","yes",FALSE,""
"PASSERIFORMES"," Aegithalidae","Psaltriparus minimus","Bushtit","yes",TRUE,""
"PASSERIFORMES"," Corvidae","Perisoreus canadensis","Canada Jay","yes",TRUE,""
"PASSERIFORMES"," Parulidae","Cardellina canadensis","Canada Warbler","yes",FALSE,""
"PASSERIFORMES"," Troglodytidae","Catherpes mexicanus","Canyon Wren","yes",TRUE,""
"PASSERIFORMES"," Parulidae","Setophaga tigrina","Cape May Warbler","yes",FALSE,""
"PASSERIFORMES"," Fringillidae","Haemorhous cassinii","Cassin's Finch","yes",FALSE,""
"PASSERIFORMES"," Vireonidae","Vireo cassinii","Cassin's Vireo","yes",FALSE,""
"PASSERIFORMES"," Bombycillidae","Bombycilla cedrorum","Cedar Waxwing","yes",FALSE,""
"PASSERIFORMES"," Paridae","Poecile rufescens","Chestnut-backed Chickadee","yes",TRUE,""
"PASSERIFORMES"," Passerellidae","Spizella passerina","Chipping Sparrow","yes",FALSE,""
"PASSERIFORMES"," Corvidae","Nucifraga columbiana","Clark's Nutcracker","yes",TRUE,""
"PASSERIFORMES"," Passerellidae","Spizella pallida","Clay-colored Sparrow","yes",FALSE,""
"PASSERIFORMES"," Hirundinidae","Petrochelidon pyrrhonota","Cliff Swallow","yes",FALSE,""
"PASSERIFORMES"," Icteridae","Quiscalus quiscula","Common Grackle","yes",FALSE,""
"PASSERIFORMES"," Corvidae","Corvus corax","Common Raven","yes",TRUE,""
"PASSERIFORMES"," Parulidae","Geothlypis trichas","Common Yellowthroat","yes",FALSE,""
"PASSERIFORMES"," Parulidae","Oporornis agilis","Connecticut Warbler","yes",FALSE,""
"PASSERIFORMES"," Passerellidae","Junco hyemalis","Dark-eyed Junco","yes",FALSE,""
"PASSERIFORMES"," Tyrannidae","Empidonax oberholseri","Dusky Flycatcher","yes",FALSE,""
"PASSERIFORMES"," Tyrannidae","Tyrannus tyrannus","Eastern Kingbird","yes",FALSE,""
"PASSERIFORMES"," Tyrannidae","Sayornis phoebe","Eastern Phoebe","yes",FALSE,""
"PASSERIFORMES"," Fringillidae","Coccothraustes vespertinus","Evening Grosbeak","yes",FALSE,""
"PASSERIFORMES"," Passerellidae","Passerella iliaca","Fox Sparrow","yes",FALSE,""
"PASSERIFORMES"," Regulidae","Regulus satrapa","Golden-crowned Kinglet","yes",FALSE,""
"PASSERIFORMES"," Passerellidae","Zonotrichia atricapilla","Golden-crowned Sparrow","yes",FALSE,""
"PASSERIFORMES"," Passerellidae","Ammodramus savannarum","Grasshopper Sparrow","yes",FALSE,""
"PASSERIFORMES"," Mimidae","Dumetella carolinensis","Gray Catbird","yes",FALSE,""
"PASSERIFORMES"," Turdidae","Catharus minimus","Gray-cheeked Thrush","yes",FALSE,""
"PASSERIFORMES"," Fringillidae","Leucosticte tephrocotis","Gray-crowned Rosy-Finch","yes",FALSE,""
"PASSERIFORMES"," Tyrannidae","Empidonax hammondii","Hammond's Flycatcher","yes",FALSE,""
"PASSERIFORMES"," Passerellidae","Zonotrichia querula","Harris's Sparrow","yes",FALSE,""
"PASSERIFORMES"," Turdidae","Catharus guttatus","Hermit Thrush","yes",FALSE,""
"PASSERIFORMES"," Alaudidae","Eremophila alpestris","Horned Lark","yes",FALSE,""
"PASSERIFORMES"," Fringillidae","Haemorhous mexicanus","House Finch","yes",TRUE,""
"PASSERIFORMES"," Troglodytidae","Troglodytes aedon","Northern/Southern House Wren","yes",FALSE,""
"PASSERIFORMES"," Vireonidae","Vireo huttoni","Hutton's Vireo","yes",FALSE,""
"PASSERIFORMES"," Calcariidae","Calcarius lapponicus","Lapland Longspur","yes",FALSE,""
"PASSERIFORMES"," Passerellidae","Chondestes grammacus","Lark Sparrow","yes",FALSE,""
"PASSERIFORMES"," Cardinalidae","Passerina amoena","Lazuli Bunting","yes",FALSE,""
"PASSERIFORMES"," Tyrannidae","Empidonax minimus","Least Flycatcher","yes",FALSE,""
"PASSERIFORMES"," Passerellidae","Ammospiza leconteii","LeConte's Sparrow","yes",FALSE,""
"PASSERIFORMES"," Passerellidae","Melospiza lincolnii","Lincoln's Sparrow","yes",FALSE,""
"PASSERIFORMES"," Parulidae","Geothlypis tolmiei","MacGillivray's Warbler","yes",FALSE,""
"PASSERIFORMES"," Parulidae","Setophaga magnolia","Magnolia Warbler","yes",FALSE,""
"PASSERIFORMES"," Troglodytidae","Cistothorus palustris","Marsh Wren","yes",FALSE,""
"PASSERIFORMES"," Turdidae","Sialia currucoides","Mountain Bluebird","yes",FALSE,""
"PASSERIFORMES"," Paridae","Poecile gambeli","Mountain Chickadee","yes",FALSE,""
"PASSERIFORMES"," Parulidae","Geothlypis philadelphia","Mourning Warbler","yes",FALSE,""
"PASSERIFORMES"," Parulidae","Leiothlypis ruficapilla","Nashville Warbler","yes",FALSE,""
"PASSERIFORMES"," Passerellidae","Ammospiza nelsoni","Nelson's Sparrow","yes",FALSE,""
"PASSERIFORMES"," Mimidae","Mimus polyglottos","Northern Mockingbird","yes",FALSE,""
"PASSERIFORMES"," Hirundinidae","Stelgidopteryx serripennis","Northern Rough-winged Swallow","yes",FALSE,""
"PASSERIFORMES"," Laniidae","Lanius borealis","Northern Shrike","yes",FALSE,""
"PASSERIFORMES"," Parulidae","Parkesia noveboracensis","Northern Waterthrush","yes",FALSE,""
"PASSERIFORMES"," Muscicapidae","Oenanthe oenanthe","Northern Wheatear","yes",FALSE,""
"PASSERIFORMES"," Tyrannidae","Contopus cooperi","Olive-sided Flycatcher","yes",FALSE,""
"PASSERIFORMES"," Parulidae","Leiothlypis celata","Orange-crowned Warbler","yes",FALSE,""
"PASSERIFORMES"," Parulidae","Seiurus aurocapilla","Ovenbird","yes",FALSE,""
"PASSERIFORMES"," Troglodytidae","Troglodytes pacificus","Pacific Wren","yes",FALSE,""
"PASSERIFORMES"," Parulidae","Setophaga palmarum","Palm Warbler","yes",FALSE,""
"PASSERIFORMES"," Vireonidae","Vireo philadelphicus","Philadelphia Vireo","yes",FALSE,""
"PASSERIFORMES"," Fringillidae","Pinicola enucleator","Pine Grosbeak","yes",FALSE,""
"PASSERIFORMES"," Fringillidae","Spinus pinus","Pine Siskin","yes",FALSE,""
"PASSERIFORMES"," Fringillidae","Haemorhous purpureus","Purple Finch","yes",FALSE,""
"PASSERIFORMES"," Hirundinidae","Progne subis","Purple Martin","yes",FALSE,""
"PASSERIFORMES"," Sittidae","Sitta pygmaea","Pygmy Nuthatch","yes",TRUE,""
"PASSERIFORMES"," Fringillidae","Loxia curvirostra","Red Crossbill","yes",FALSE,""
"PASSERIFORMES"," Sittidae","Sitta canadensis","Red-breasted Nuthatch","yes",FALSE,""
"PASSERIFORMES"," Vireonidae","Vireo olivaceus","Red-eyed Vireo","yes",FALSE,""
"PASSERIFORMES"," Fringillidae","Acanthis flammea","Redpoll","yes",FALSE,""
"PASSERIFORMES"," Icteridae","Agelaius phoeniceus","Red-winged Blackbird","yes",FALSE,""
"PASSERIFORMES"," Troglodytidae","Salpinctes obsoletus","Rock Wren","yes",FALSE,""
"PASSERIFORMES"," Cardinalidae","Pheucticus ludovicianus","Rose-breasted Grosbeak","yes",FALSE,""
"PASSERIFORMES"," Regulidae","Corthylio calendula","Ruby-crowned Kinglet","yes",FALSE,""
"PASSERIFORMES"," Icteridae","Euphagus carolinus","Rusty Blackbird","yes",FALSE,""
"PASSERIFORMES"," Mimidae","Oreoscoptes montanus","Sage Thrasher","yes",FALSE,""
"PASSERIFORMES"," Passerellidae","Passerculus sandwichensis","Savannah Sparrow","yes",FALSE,""
"PASSERIFORMES"," Tyrannidae","Sayornis saya","Say's Phoebe","yes",FALSE,""
"PASSERIFORMES"," Calcariidae","Calcarius pictus","Smith's Longspur","yes",FALSE,""
"PASSERIFORMES"," Calcariidae","Plectrophenax nivalis","Snow Bunting","yes",FALSE,""
"PASSERIFORMES"," Passerellidae","Melospiza melodia","Song Sparrow","yes",FALSE,""
"PASSERIFORMES"," Passerellidae","Pipilo maculatus","Spotted Towhee","yes",FALSE,""
"PASSERIFORMES"," Motacillidae","Anthus spragueii","Sprague's Pipit","yes",FALSE,""
"PASSERIFORMES"," Corvidae","Cyanocitta stelleri","Steller's Jay","yes",TRUE,""
"PASSERIFORMES"," Turdidae","Catharus ustulatus","Swainson's Thrush","yes",FALSE,""
"PASSERIFORMES"," Passerellidae","Melospiza georgiana","Swamp Sparrow","yes",FALSE,""
"PASSERIFORMES"," Parulidae","Leiothlypis peregrina","Tennessee Warbler","yes",FALSE,""
"PASSERIFORMES"," Turdidae","Myadestes townsendi","Townsend's Solitaire","yes",FALSE,""
"PASSERIFORMES"," Parulidae","Setophaga townsendi","Townsend's Warbler","yes",FALSE,""
"PASSERIFORMES"," Hirundinidae","Tachycineta bicolor","Tree Swallow","yes",FALSE,""
"PASSERIFORMES"," Tyrannidae","Tyrannus melancholicus","Tropical Kingbird","yes",FALSE,""
"PASSERIFORMES"," Turdidae","Ixoreus naevius","Varied Thrush","yes",FALSE,""
"PASSERIFORMES"," Turdidae","Catharus fuscescens","Veery","yes",FALSE,""
"PASSERIFORMES"," Passerellidae","Pooecetes gramineus","Vesper Sparrow","yes",FALSE,""
"PASSERIFORMES"," Hirundinidae","Tachycineta thalassina","Violet-green Swallow","yes",FALSE,""
"PASSERIFORMES"," Vireonidae","Vireo gilvus","Warbling Vireo","yes",FALSE,""
"PASSERIFORMES"," Turdidae","Sialia mexicana","Western Bluebird","yes",FALSE,""
"PASSERIFORMES"," Tyrannidae","Tyrannus verticalis","Western Kingbird","yes",FALSE,""
"PASSERIFORMES"," Icteridae","Sturnella neglecta","Western Meadowlark","yes",FALSE,""
"PASSERIFORMES"," Cardinalidae","Piranga ludoviciana","Western Tanager","yes",FALSE,""
"PASSERIFORMES"," Tyrannidae","Contopus sordidulus","Western Wood-Pewee","yes",FALSE,""
"PASSERIFORMES"," Sittidae","Sitta carolinensis","White-breasted Nuthatch","yes",TRUE,""
"PASSERIFORMES"," Passerellidae","Zonotrichia leucophrys","White-crowned Sparrow","yes",FALSE,""
"PASSERIFORMES"," Passerellidae","Zonotrichia albicollis","White-throated Sparrow","yes",FALSE,""
"PASSERIFORMES"," Fringillidae","Loxia leucoptera","White-winged Crossbill","yes",FALSE,""
"PASSERIFORMES"," Tyrannidae","Empidonax traillii","Willow Flycatcher","yes",FALSE,""
"PASSERIFORMES"," Parulidae","Cardellina pusilla","Wilson's Warbler","yes",FALSE,""
"PASSERIFORMES"," Troglodytidae","Troglodytes hiemalis","Winter Wren","yes",FALSE,""
"PASSERIFORMES"," Parulidae","Setophaga petechia","Yellow Warbler","yes",FALSE,""
"PASSERIFORMES"," Tyrannidae","Empidonax flaviventris","Yellow-bellied Flycatcher","yes",FALSE,""
"PASSERIFORMES"," Icteriidae","Icteria virens","Yellow-breasted Chat","yes",FALSE,""
"PASSERIFORMES"," Icteridae","Xanthocephalus xanthocephalus","Yellow-headed Blackbird","yes",FALSE,""
"PASSERIFORMES"," Parulidae","Setophaga coronata","Yellow-rumped Warbler","yes",FALSE,""
"PELECANIFORMES"," Ardeidae","Botaurus lentiginosus","American Bittern","yes",FALSE,""
"PELECANIFORMES"," Pelecanidae","Pelecanus erythrorhynchos","American White Pelican","yes",FALSE,""
"PELECANIFORMES"," Ardeidae","Nycticorax nycticorax","Black-crowned Night Heron","yes",FALSE,""
"PELECANIFORMES"," Pelecanidae","Pelecanus occidentalis","Brown Pelican","yes",FALSE,""
"PELECANIFORMES"," Ardeidae","Ardea herodias","Great Blue Heron","yes",FALSE,""
"PELECANIFORMES"," Ardeidae","Ardea alba","Great Egret","yes",FALSE,""
"PELECANIFORMES"," Ardeidae","Butorides virescens","Green Heron","yes",FALSE,""
"PELECANIFORMES"," Ardeidae","Ardea ibis","Western Cattle-Egret","yes",FALSE,""
"PICIFORMES"," Picidae","Picoides dorsalis","American Three-toed Woodpecker","yes",TRUE,""
"PICIFORMES"," Picidae","Picoides arcticus","Black-backed Woodpecker","yes",TRUE,""
"PICIFORMES"," Picidae","Dryobates pubescens","Downy Woodpecker","yes",TRUE,""
"PICIFORMES"," Picidae","Dryobates villosus","Hairy Woodpecker","yes",TRUE,""
"PICIFORMES"," Picidae","Melanerpes lewis","Lewis's Woodpecker","yes",FALSE,""
"PICIFORMES"," Picidae","Colaptes auratus","Northern Flicker","yes",FALSE,""
"PICIFORMES"," Picidae","Dryocopus pileatus","Pileated Woodpecker","yes",TRUE,""
"PICIFORMES"," Picidae","Sphyrapicus ruber","Red-breasted Sapsucker","yes",FALSE,""
"PICIFORMES"," Picidae","Sphyrapicus nuchalis","Red-naped Sapsucker","yes",FALSE,""
"PICIFORMES"," Picidae","Sphyrapicus thyroideus","Williamson's Sapsucker","yes",FALSE,""
"PICIFORMES"," Picidae","Sphyrapicus varius","Yellow-bellied Sapsucker","yes",FALSE,""
"PICIFORMES"," Picidae","Sphyrapicus varius","Yellow-bellied Sapsucker","yes",FALSE,""
"PODICIPEDIFORMES"," Podicipedidae","Aechmophorus clarkii","Clark's Grebe","yes",FALSE,""
"PODICIPEDIFORMES"," Podicipedidae","Podiceps nigricollis","Eared Grebe","yes",FALSE,""
"PODICIPEDIFORMES"," Podicipedidae","Podiceps auritus","Horned Grebe","yes",FALSE,""
"PODICIPEDIFORMES"," Podicipedidae","Podilymbus podiceps","Pied-billed Grebe","yes",FALSE,""
"PODICIPEDIFORMES"," Podicipedidae","Podiceps grisegena","Red-necked Grebe","yes",FALSE,""
"PODICIPEDIFORMES"," Podicipedidae","Aechmophorus occidentalis","Western Grebe","yes",FALSE,""
"PROCELLARIIFORMES"," Diomedeidae","Phoebastria nigripes","Black-footed Albatross","yes",FALSE,""
"PROCELLARIIFORMES"," Procellariidae","Ardenna bulleri","Buller's Shearwater","yes",FALSE,""
"PROCELLARIIFORMES"," Procellariidae","Ardenna carneipes","Flesh-footed Shearwater","yes",FALSE,""
"PROCELLARIIFORMES"," Hydrobatidae","Hydrobates furcatus","Fork-tailed Storm-Petrel","yes",FALSE,""
"PROCELLARIIFORMES"," Diomedeidae","Phoebastria immutabilis","Laysan Albatross","yes",FALSE,""
"PROCELLARIIFORMES"," Hydrobatidae","Hydrobates leucorhous","Leach's Storm-Petrel","yes",FALSE,""
"PROCELLARIIFORMES"," Procellariidae","Ardenna creatopus","Pink-footed Shearwater","yes",FALSE,""
"PROCELLARIIFORMES"," Diomedeidae","Phoebastria albatrus","Short-tailed Albatross","no",NA,""
"PROCELLARIIFORMES"," Procellariidae","Ardenna tenuirostris","Short-tailed Shearwater","yes",FALSE,""
"PROCELLARIIFORMES"," Procellariidae","Ardenna grisea","Sooty Shearwater","yes",FALSE,""
"STRIGIFORMES"," Tytonidae","Tyto furcata","American Barn Owl","yes",TRUE,""
"STRIGIFORMES"," Strigidae","Strix varia","Barred Owl","yes",TRUE,""
"STRIGIFORMES"," Strigidae","Aegolius funereus","Boreal Owl","yes",FALSE,""
"STRIGIFORMES"," Strigidae","Psiloscops flammeolus","Flammulated Owl","yes",FALSE,""
"STRIGIFORMES"," Strigidae","Strix nebulosa","Great Gray Owl","yes",FALSE,""
"STRIGIFORMES"," Strigidae","Bubo virginianus","Great Horned Owl","yes",TRUE,""
"STRIGIFORMES"," Strigidae","Asio otus","Long-eared Owl","yes",FALSE,""
"STRIGIFORMES"," Strigidae","Surnia ulula","Northern Hawk Owl","yes",FALSE,""
"STRIGIFORMES"," Strigidae","Glaucidium gnoma","Northern Pygmy-Owl","yes",TRUE,""
"STRIGIFORMES"," Strigidae","Aegolius acadicus","Northern Saw-whet Owl","yes",FALSE,""
"STRIGIFORMES"," Strigidae","Asio flammeus","Short-eared Owl","yes",FALSE,""
"STRIGIFORMES"," Strigidae","Bubo scandiacus","Snowy Owl","yes",FALSE,""
"STRIGIFORMES"," Strigidae","Strix occidentalis","Spotted Owl","yes",TRUE,"rare breeder"
"STRIGIFORMES"," Strigidae","Megascops kennicottii","Western Screech-Owl","yes",TRUE,""
"SULIFORMES"," Phalacrocoracidae","Urile penicillatus","Brandt's Cormorant","yes",TRUE,""
"SULIFORMES"," Phalacrocoracidae","Nannopterum auritum","Double-crested Cormorant","yes",FALSE,""
"SULIFORMES"," Phalacrocoracidae","Urile pelagicus","Pelagic Cormorant","yes",FALSE,""
